"id","norm_friends_english","norm_friends_spanish","norm_friends_other","norm_family_english","norm_family_spanish","norm_family_other","norm_schoolwork_english","norm_schoolwork_spanish","norm_schoolwork_other","norm_sum_friends","norm_sum_family","norm_sum_schoolwork","composite_english","composite_spanish","composite_other","composite_sum","friends.entropy.x","school/work.entropy.x","family.entropy.x","composite.entropy.x","friends.entropy.y","school/work.entropy.y","family.entropy.y","composite.entropy.y"
1,0.909090909090909,0.0909090909090909,0,0.5,0.5,0,0.8,0,0.2,1,1,1,0.736363636363636,0.196969696969697,0.0666666666666667,1,0.439496986921513,0.721928094887362,1,1.04725905717589,0.439496986921513,0.721928094887362,1,1.04725905717589
2,0.9,0.1,0,0.4,0.6,0,0.4,0.3,0.3,1,1,1,0.566666666666667,0.333333333333333,0.1,1,0.468995593589281,1.57095059445467,0.970950594454669,1.32485603719876,0.468995593589281,1.57095059445467,0.970950594454669,1.32485603719876
3,0.9,0.1,0,0.2,0.8,0,0.9,0,0.1,1,1,1,0.666666666666667,0.3,0.0333333333333333,1,0.468995593589281,0.468995593589281,0.721928094887362,1.07462769858425,0.468995593589281,0.468995593589281,0.721928094887362,1.07462769858425
4,0.8,0.1,0.1,0.4,0.6,0,0.9,0.1,0,1,1,1,0.7,0.266666666666667,0.0333333333333333,1,0.921928094887362,0.468995593589281,0.970950594454669,1.03226839966339,0.921928094887362,0.468995593589281,0.970950594454669,1.03226839966339
5,0.9,0.1,0,0.6,0.4,0,0.9,0.1,0,1,1,1,0.8,0.2,0,1,0.468995593589281,0.468995593589281,0.970950594454669,0.721928094887362,0.468995593589281,0.468995593589281,0.970950594454669,0.721928094887362
6,0.909090909090909,0.0909090909090909,0,0.7,0.3,0,0.8,0,0.2,1,1,1,0.803030303030303,0.13030303030303,0.0666666666666667,1,0.439496986921513,0.721928094887362,0.881290899230693,0.897695712225787,0.439496986921513,0.721928094887362,0.881290899230693,0.897695712225787
7,0.888888888888889,0.111111111111111,0,0.7,0.3,0,0.9,0,0.1,1,1,1,0.82962962962963,0.137037037037037,0.0333333333333333,1,0.503258334775646,0.468995593589281,0.881290899230693,0.78005040415396,0.503258334775646,0.468995593589281,0.881290899230693,0.78005040415396
8,1,0,0,0.9,0.1,0,0.9,0,0.1,1,1,1,0.933333333333333,0.0333333333333333,0.0333333333333333,1,0,0.468995593589281,0.468995593589281,0.420026001688088,0,0.468995593589281,0.468995593589281,0.420026001688088
9,1,0,0,0.9,0.1,0,0.8,0,0.2,1,1,1,0.9,0.0333333333333333,0.0666666666666667,1,0,0.721928094887362,0.468995593589281,0.56082517699473,0,0.721928094887362,0.468995593589281,0.56082517699473
10,0.9,0.1,0,0.4,0.6,0,0.8,0,0.2,1,1,1,0.7,0.233333333333333,0.0666666666666667,1,0.468995593589281,0.721928094887362,0.970950594454669,1.11055225118328,0.468995593589281,0.721928094887362,0.970950594454669,1.11055225118328
11,0.9,0.1,0,0.6,0.4,0,0.9,0.1,0,1,1,1,0.8,0.2,0,1,0.468995593589281,0.468995593589281,0.970950594454669,0.721928094887362,0.468995593589281,0.468995593589281,0.970950594454669,0.721928094887362
12,0.9,0.1,0,0.2,0.8,0,0.9,0,0.1,1,1,1,0.666666666666667,0.3,0.0333333333333333,1,0.468995593589281,0.468995593589281,0.721928094887362,1.07462769858425,0.468995593589281,0.468995593589281,0.721928094887362,1.07462769858425
13,0.454545454545455,0.454545454545455,0.0909090909090909,0.4,0.6,0,0.9,0,0.1,1,1,1,0.584848484848485,0.351515151515152,0.0636363636363636,1,1.34858789601242,0.468995593589281,0.970950594454669,1.23568988240978,1.34858789601242,0.468995593589281,0.970950594454669,1.23568988240978
14,0.588235294117647,0.411764705882353,0,0.5,0.5,0,0.714285714285714,0.285714285714286,0,1,1,1,0.600840336134454,0.399159663865546,0,1,0.977417817528172,0.863120568566631,1,0.97045690637202,0.977417817528172,0.863120568566631,1,0.97045690637202
15,0.9,0.1,0,0.5,0.5,0,0.8,0.2,0,1,1,1,0.733333333333333,0.266666666666667,0,1,0.468995593589281,0.721928094887362,1,0.836640741941167,0.468995593589281,0.721928094887362,1,0.836640741941167
16,1,0,0,0,1,0,1,0,0,1,1,1,0.666666666666667,0.333333333333333,0,1,0,0,0,0.918295834054489,0,0,0,0.918295834054489
17,0.8,0.1,0.1,0.2,0.7,0.1,0.8,0.1,0.1,1,1,1,0.6,0.3,0.1,1,0.921928094887362,0.921928094887362,1.15677964944704,1.29546184423832,0.921928094887362,0.921928094887362,1.15677964944704,1.29546184423832
18,0.8,0.2,0,0.1,0.9,0,0.9,0.1,0,1,1,1,0.6,0.4,0,1,0.721928094887362,0.468995593589281,0.468995593589281,0.970950594454669,0.721928094887362,0.468995593589281,0.468995593589281,0.970950594454669
19,0.9,0.1,0,0.272727272727273,0.727272727272727,0,1,0,0,1,1,1,0.724242424242424,0.275757575757576,0,1,0.468995593589281,0,0.845350936622437,0.849605610107997,0.468995593589281,0,0.845350936622437,0.849605610107997
20,0.8,0.2,0,0.6,0.4,0,0.8,0.1,0.1,1,1,1,0.733333333333333,0.233333333333333,0.0333333333333333,1,0.721928094887362,0.921928094887362,0.970950594454669,0.981591260127726,0.721928094887362,0.921928094887362,0.970950594454669,0.981591260127726
21,0.7,0.2,0.1,0.2,0.8,0,0.8,0.1,0.1,1,1,1,0.566666666666667,0.366666666666667,0.0666666666666667,1,1.15677964944704,0.921928094887362,0.721928094887362,1.25553672539965,1.15677964944704,0.921928094887362,0.721928094887362,1.25553672539965
22,0.588235294117647,0.411764705882353,0,0.230769230769231,0.769230769230769,0,0.909090909090909,0.0909090909090909,0,1,1,1,0.576031811325929,0.423968188674071,0,1,0.977417817528172,0.439496986921513,0.779349837292085,0.983255147356838,0.977417817528172,0.439496986921513,0.779349837292085,0.983255147356838
23,0.5625,0.4375,0,0.333333333333333,0.666666666666667,0,1,0,0,1,1,1,0.631944444444444,0.368055555555556,0,1,0.988699408288497,0,0.918295834054489,0.949167387901126,0.988699408288497,0,0.918295834054489,0.949167387901126
24,0.5,0.5,0,0.6,0.4,0,0.7,0.2,0.1,1,1,1,0.6,0.366666666666667,0.0333333333333333,1,1,1.15677964944704,0.970950594454669,1.13647733457612,1,1.15677964944704,0.970950594454669,1.13647733457612
25,0.9,0.1,0,0.7,0.3,0,0.833333333333333,0,0.166666666666667,1,1,1,0.811111111111111,0.133333333333333,0.0555555555555556,1,0.468995593589281,0.650022421648354,0.881290899230693,0.864226615425986,0.468995593589281,0.650022421648354,0.881290899230693,0.864226615425986
26,0.769230769230769,0.230769230769231,0,0.0909090909090909,0.909090909090909,0,0.714285714285714,0.0714285714285714,0.214285714285714,1,1,1,0.524808524808525,0.403762903762904,0.0714285714285714,1,0.779349837292085,1.0949143184121,0.439496986921513,1.28838906696286,0.779349837292085,1.0949143184121,0.439496986921513,1.28838906696286
27,0.9,0.1,0,0.2,0.8,0,0.3,0.5,0.2,1,1,1,0.466666666666667,0.466666666666667,0.0666666666666667,1,0.468995593589281,1.48547529722733,0.721928094887362,1.28669266835475,0.468995593589281,1.48547529722733,0.721928094887362,1.28669266835475
28,0.642857142857143,0.142857142857143,0.214285714285714,0.3,0.7,0,0.571428571428572,0.0714285714285714,0.357142857142857,1,1,1,0.504761904761905,0.304761904761905,0.19047619047619,1,1.28705402811873,1.26380917388355,0.881290899230693,1.47597555586044,1.28705402811873,1.26380917388355,0.881290899230693,1.47597555586044
29,0.8,0.1,0.1,0.6,0.4,0,0.9,0,0.1,1,1,1,0.766666666666667,0.166666666666667,0.0666666666666667,1,0.921928094887362,0.468995593589281,0.970950594454669,0.985171746816915,0.921928094887362,0.468995593589281,0.970950594454669,0.985171746816915
30,0.5,0.4,0.1,0.6,0.4,0,0.8,0,0.2,1,1,1,0.633333333333333,0.266666666666667,0.1,1,1.36096404744368,0.721928094887362,0.970950594454669,1.2580402536888,1.36096404744368,0.721928094887362,0.970950594454669,1.2580402536888
31,1,0,0,0.1,0.9,0,0.9,0,0.1,1,1,1,0.666666666666667,0.3,0.0333333333333333,1,0,0.468995593589281,0.468995593589281,1.07462769858425,0,0.468995593589281,0.468995593589281,1.07462769858425
32,0.9,0.1,0,0.3,0.7,0,0.9,0,0.1,1,1,1,0.7,0.266666666666667,0.0333333333333333,1,0.468995593589281,0.468995593589281,0.881290899230693,1.03226839966339,0.468995593589281,0.468995593589281,0.881290899230693,1.03226839966339
